Symbol,Name,Sector,Industry,Full Time Employees,Total ESG Risk score,Environment Risk Score,Governance Risk Score,Social Risk Score,Controversy Level,Controversy Score,ESG Risk Percentile,ESG Risk Level
A,Agilent Technologies Inc,Healthcare,Diagnostics & Research,"18,000",15,0.3,6.3,8.6,Low,1,11th percentile,Low
AAL,American Airlines Group Inc,Industrials,Airlines,"132,500",29,12,5,12,Moderate,2,62nd percentile,
AAP,Advance Auto Parts Inc,Consumer Cyclical,Specialty Retail,"40,000",12,0,3,8,Moderate,2,4th percentile,Negligible
AAPL,Apple Inc,Technology,Consumer Electronics,"164,000",17,0.6,9.2,6.9,Significant,3,15th percentile,Low
ABBV,Abbvie Inc,Healthcare,Drug Manufacturers—General,"50,000",28,1.1,9.9,16.8,Significant,3,55th percentile,Medium
ABC,Amerisourcebergen Corp,Healthcare,Medical Distribution,"46,000",12,1.3,5.2,5.6,Significant,3,5th percentile,Low
ABT,Abbott Laboratories,Healthcare,Medical Devices,"115,000",25,3,8.4,13.6,Significant,3,44th percentile,Medium
ACGL,Arch Capital Group Ltd,Financial Services,Insurance—Diversified,"5,800",21,1,12,7,Moderate,2,28th percentile,
ACN,Accenture Plc Cl A,Technology,Information Technology Services,"732,000",10,0.3,4.8,4.6,Moderate,2,2nd percentile,Negligible
ADBE,Adobe Inc,Technology,Software—Infrastructure,"29,239",12,1.9,4.6,5.9,Low,1,5th percentile,Low
ADI,Analog Devices Inc,Technology,Semiconductors,"24,450",24,10.1,5.9,7.7,None,0,39th percentile,Medium
ADM,Archer Daniels Midland Co,Consumer Defensive,Farm Products,"40,360",36,18,5,13,Significant,3,83rd percentile,Severe
ADP,Automatic Data Processing,Industrials,Staffing & Employment Services,"63,000",14,1.1,5.9,7,Low,1,8th percentile,Low
ADSK,Autodesk Inc,Technology,Software—Application,"13,700",16,3,4,8,,0,13th percentile,Negligible
AEE,Ameren Corporation,Utilities,Utilities—Regulated Electric,"9,244",30,14.1,5.5,9.9,Moderate,2,63rd percentile,Medium
AEP,American Electric Power,Utilities,Utilities—Regulated Electric,"16,974",26,13,5,8,Moderate,2,47th percentile,
AES,Aes Corp,Utilities,Utilities—Diversified,"9,100",34,16.5,6.5,11.2,Moderate,2,78th percentile,High
AFL,Aflac Inc,Financial Services,Insurance—Life,"12,882",17,0,10,7,Moderate,2,17th percentile,Negligible
AIG,American International Group,Financial Services,Insurance—Diversified,"26,200",25,2,14,10,Moderate,2,45th percentile,
AIZ,Assurant Inc,Financial Services,Insurance—Specialty,"13,700",24,2,11,12,Significant,3,43rd percentile,
AJG,Arthur J Gallagher & Co,Financial Services,Insurance Brokers,"45,641",21,0.1,10.5,10.7,Moderate,2,30th percentile,Medium
AKAM,Akamai Technologies Inc,Technology,Software—Infrastructure,"9,800",17,2.9,6.7,6.9,Low,1,14th percentile,Low
ALB,Albemarle Corp,Basic Materials,Specialty Chemicals,"7,400",29,16,8,6,Moderate,2,60th percentile,
ALGN,Align Technology Inc,Healthcare,Medical Devices,"22,910",,,,,,,,
ALK,Alaska Air Group Inc,Industrials,Airlines,"23,140",,,,,,,,
ALL,Allstate Corp,Financial Services,Insurance—Property & Casualty,"54,000",19,1,10,8,Moderate,2,23rd percentile,Negligible
ALLE,Allegion Plc,Industrials,Security & Protection Services,"12,300",24,13,6,5,,0,40th percentile,
AMAT,Applied Materials Inc,Technology,Semiconductor Equipment & Materials,"33,000",12,3.8,5.1,2.6,Low,1,4th percentile,Low
AMCR,Amcor Plc,Consumer Cyclical,Packaging & Containers,"41,000",,,,,,,,
AMD,Advanced Micro Devices,Technology,Semiconductors,"25,000",,,,,,,,
AME,Ametek Inc,Industrials,Specialty Industrial Machinery,"19,600",24,8.6,6.9,8.5,Low,1,41st percentile,Medium
AMGN,Amgen Inc,Healthcare,Drug Manufacturers—General,"25,200",22,0.7,7.9,13.5,Significant,3,32nd percentile,Medium
AMP,Ameriprise Financial Inc,Financial Services,Asset Management,"13,500",23,2.6,12.8,7.2,Moderate,2,35th percentile,Medium
AMT,American Tower Corp,Real Estate,REIT—Specialty,"6,391",11,2.4,5,3.6,Low,1,3rd percentile,Low
AMZN,Amazon.com Inc,Consumer Cyclical,Internet Retail,"1,541,000",30,5.6,9.9,14.8,Significant,3,64th percentile,High
ANET,Arista Networks Inc,Technology,Computer Hardware,"3,612",16,0,7,9,Low,1,14th percentile,Negligible
ANSS,Ansys Inc,Technology,Software—Application,"6,000",13,1,5,7,,0,6th percentile,Negligible
AON,Aon Plc Class A,Financial Services,Insurance Brokers,"50,000",,,,,,,,
AOS,Smith (a.O.) Corp,Industrials,Specialty Industrial Machinery,"12,000",25,7,6,12,,0,47th percentile,
APA,Apa Corp,Energy,Oil & Gas E&P,"2,273",39,22,8,8.9,Moderate,2,83rd percentile,High
APD,Air Products & Chemicals Inc,Basic Materials,Specialty Chemicals,"19,710",11,5.9,3.6,1.3,Low,1,3rd percentile,Low
APH,Amphenol Corp Cl A,Technology,Electronic Components,"91,000",21,8,7.8,5.5,Moderate,2,31st percentile,Medium
APTV,Aptiv Plc,Consumer Cyclical,Auto Parts,"160,000",12,2,5,4,Low,1,4th percentile,Negligible
ARE,Alexandria Real Estate Equit,Real Estate,REIT—Office,593,14,3.9,6.3,3.7,,0,8th percentile,Low
ATO,Atmos Energy Corp,Utilities,Utilities—Regulated Gas,"4,791",35,14.8,6.5,13.4,Moderate,2,80th percentile,High
ATVI,Activision Blizzard Inc,Communication Services,Electronic Gaming & Multimedia,"13,000",19,0.2,6.3,12.5,High,4,22nd percentile,Low
AVB,Avalonbay Communities Inc,Real Estate,REIT—Residential,"2,859",11,3,5,3,Low,1,3rd percentile,Negligible
AVGO,Broadcom Inc,Technology,Semiconductors,"20,000",22,8.8,6.7,6.9,Significant,3,34th percentile,Medium
AVY,Avery Dennison Corp,Consumer Cyclical,Packaging & Containers,"2,900",15,10.6,3.7,1.1,Low,1,11th percentile,Low
AWK,American Water Works Co Inc,Utilities,Utilities—Regulated Water,"6,500",22,9,5,8,Low,1,32nd percentile,
AXON,Axon Enterprise Inc,Industrials,Aerospace & Defense,"2,821",,,,,,,,
AXP,American Express Co,Financial Services,Credit Services,"77,300",18,0.1,9.9,8.4,Moderate,2,20th percentile,Low
AZO,Autozone Inc,Consumer Cyclical,Specialty Retail,"69,440",11,0.1,3.8,7.1,Moderate,2,3rd percentile,Low
BA,Boeing Co,Industrials,Aerospace & Defense,"156,000",35,7.1,7.9,19.7,High,4,78th percentile,High
BAC,Bank of America Corp,Financial Services,Banks—Diversified,"216,000",27,1.6,11.2,14.4,Significant,3,52nd percentile,Medium
BALL,Ball Corp,Consumer Cyclical,Packaging & Containers,"21,000",11,5.9,3.8,1.1,Moderate,2,3rd percentile,Low
BAX,Baxter International Inc,Healthcare,Medical Instruments & Supplies,"60,000",24,2.8,7.3,13.6,Significant,3,39th percentile,Medium
BBWI,Bath & Body Works Inc,Consumer Cyclical,Specialty Retail,"8,800",16,3,4,8,Moderate,2,12th percentile,Negligible
BBY,Best Buy Co Inc,Consumer Cyclical,Specialty Retail,"52,200",14,2.2,4.8,7.2,Moderate,2,9th percentile,Low
BDX,Becton Dickinson and Co,Healthcare,Medical Instruments & Supplies,"77,000",27,3.7,7.5,15.6,Significant,3,51st percentile,Medium
BEN,Franklin Resources Inc,Financial Services,Asset Management,"9,300",18,1,7,10,Moderate,2,20th percentile,Negligible
BF.B,Brown Forman Corp Class B,,,,,,,,,,,
BG,Bunge Ltd,Consumer Defensive,Farm Products,"23,000",34,15.3,5.3,13.6,Significant,3,78th percentile,High
BIIB,Biogen Inc,Healthcare,Drug Manufacturers—General,"8,725",21,0,7.8,13.2,Significant,3,29th percentile,Medium
BIO,Bio Rad Laboratories A,Healthcare,Medical Devices,"8,200",17,1,7,8,Low,1,15th percentile,Negligible
BK,Bank of New York Mellon Corp,Financial Services,Asset Management,"53,200",21,1.1,11.2,9.2,Significant,3,30th percentile,Medium
BKNG,Booking Holdings Inc,Consumer Cyclical,Travel Services,"23,100",22,2,7.8,12.5,Significant,3,33rd percentile,Medium
BKR,Baker Hughes Co,Energy,Oil & Gas Equipment & Services,"57,000",,,,,,,,
BLK,Blackrock Inc,Financial Services,Asset Management,"19,300",21,1.5,9.5,9.6,Moderate,2,27th percentile,Medium
BMY,Bristol Myers Squibb Co,Healthcare,Drug Manufacturers—General,"34,300",23,0.3,7.6,14.9,Moderate,2,35th percentile,Medium
BR,Broadridge Financial Solutio,Technology,Information Technology Services,"14,700",16,0.8,6.4,9,Moderate,2,13th percentile,Low
BRK-A,Berkshire Hathaway Inc Cl B,Financial Services,Insurance—Diversified,"383,000",,,,,,,,
BRO,Brown & Brown Inc,Financial Services,Insurance Brokers,"15,201",21,0.2,10.7,10.6,Low,1,31st percentile,Medium
BSX,Boston Scientific Corp,Healthcare,Medical Devices,"45,000",26,3,10.6,12.7,Moderate,2,49th percentile,Medium
BWA,Borgwarner Inc,Consumer Cyclical,Auto Parts,"52,700",13,3,6,4,Moderate,2,6th percentile,Negligible
BXP,Boston Properties Inc,Real Estate,REIT—Office,780,13,3,5,5,Low,1,5th percentile,Negligible
C,Citigroup Inc,Financial Services,Banks—Diversified,"240,000",27,1.8,11.8,13.1,High,4,51st percentile,Medium
CAG,Conagra Brands Inc,Consumer Defensive,Packaged Foods,"18,600",32,11,4.9,15.9,Moderate,2,71st percentile,High
CAH,Cardinal Health Inc,Healthcare,Medical Distribution,"47,040",12,2,5,6,Significant,3,5th percentile,Negligible
CARR,Carrier Global Corp,Industrials,Building Products & Equipment,"52,000",,,,,,,,
CAT,Caterpillar Inc,,,,34,7.2,8.5,18.5,High,4,76th percentile,High
CB,Chubb Ltd,Financial Services,Insurance—Property & Casualty,"34,000",24,1.7,10.6,11.6,Moderate,2,39th percentile,Medium
CBOE,Cboe Global Markets Inc,Financial Services,Financial Data & Stock Exchanges,"1,543",21,2.7,10.6,7.6,Low,1,29th percentile,Medium
CBRE,Cbre Group Inc A,Real Estate,Real Estate Services,"115,000",7,1,3,2,Low,1,1st percentile,
CCI,Crown Castle Inc,Real Estate,REIT—Specialty,"5,000",13,5.2,5.1,2.9,,0,7th percentile,Low
CCL,Carnival Corp,Consumer Cyclical,Travel Services,"87,000",24,10,3.8,9.9,Significant,3,39th percentile,Medium
CDAY,Ceridian Hcm Holding Inc,Technology,Software—Application,"8,526",,,,,,,,
CDNS,Cadence Design Sys Inc,Technology,Software—Application,"10,200",12,1.4,4.7,6.1,,0,5th percentile,Low
CDW,Cdw Corp/de,Technology,Information Technology Services,"11,100",9,2,4,3,,0,2nd percentile,
CE,Celanese Corp,Basic Materials,Chemicals,"13,263",29,15.1,6.5,7.7,Moderate,2,62nd percentile,Medium
CEG,Constellation Energy,Utilities,Utilities—Renewable,"13,370",,,,,,,,
CF,Cf Industries Holdings Inc,Basic Materials,Agricultural Inputs,"2,700",30,16.8,5.5,7.7,Low,1,65th percentile,High
CFG,Citizens Financial Group,Financial Services,Banks—Regional,"18,468",23,2,11.4,10.1,Moderate,2,39th percentile,Medium
CHD,Church & Dwight Co Inc,Consumer Defensive,Household & Personal Products,"5,250",20,7,7,7,Moderate,2,25th percentile,Negligible
CHRW,C.H. Robinson Worldwide Inc,Industrials,Integrated Freight & Logistics,"16,523",20,5,6,9,Low,1,26th percentile,
CHTR,Charter Communications Inc A,Communication Services,Telecom Services,"101,700",27,6,8,13,Moderate,2,50th percentile,
CI,The Cigna Group,Healthcare,Healthcare Plans,"71,300",12,0,5.7,6,Moderate,2,3rd percentile,Low
CINF,Cincinnati Financial Corp,Financial Services,Insurance—Property & Casualty,"5,148",26,1.8,12.8,11,Low,1,47th percentile,Medium
CL,Colgate Palmolive Co,Consumer Defensive,Household & Personal Products,"33,800",22,6.1,6.7,9.4,Significant,3,33rd percentile,Medium
CLX,Clorox Company,Consumer Defensive,Household & Personal Products,"8,700",21,6.3,5.6,9.2,Moderate,2,30th percentile,Medium
CMA,Comerica Inc,Financial Services,Banks—Regional,"7,280",26,2,13,11,Moderate,2,49th percentile,
CMCSA,Comcast Corp Class A,Communication Services,Telecom Services,"186,000",25,4.6,8.1,12.1,Moderate,2,43rd percentile,Medium
CME,Cme Group Inc,Financial Services,Financial Data & Stock Exchanges,"3,460",15,2.1,6.2,6.2,Low,1,9th percentile,Low
CMG,Chipotle Mexican Grill Inc,Consumer Cyclical,Restaurants,"104,958",24,5.5,4.7,13.4,Moderate,2,39th percentile,Medium
CMI,Cummins Inc,Industrials,Specialty Industrial Machinery,"73,600",19,5.8,6.1,7.5,Moderate,2,23rd percentile,Low
CMS,Cms Energy Corp,Utilities,Utilities—Regulated Electric,"8,560",21,9.8,5.7,5.8,Moderate,2,30th percentile,Medium
CNC,Centene Corp,Healthcare,Healthcare Plans,"74,300",21,0.1,7.2,13.3,Moderate,2,28th percentile,Medium
CNP,Centerpoint Energy Inc,Utilities,Utilities—Regulated Electric,"8,986",26,10.6,5.4,9.6,Moderate,2,47th percentile,Medium
COF,Capital One Financial Corp,Financial Services,Credit Services,"55,600",23,0,9,13,High,4,35th percentile,
COO,Cooper Cos Inc,Healthcare,Medical Instruments & Supplies,"14,000",20,2.7,6,10.8,Moderate,2,24th percentile,Low
COP,Conocophillips,Energy,Oil & Gas E&P,"9,700",35,17.3,7.9,9.7,Moderate,2,78th percentile,High
COST,Costco Wholesale Corp,Consumer Defensive,Discount Stores,"304,000",24,7.3,5.7,11.2,Significant,3,41st percentile,Medium
CPB,Campbell Soup Co,Consumer Defensive,Packaged Foods,"14,700",24,11,4,8,Moderate,2,39th percentile,
CPRT,Copart Inc,Industrials,Specialty Business Services,"9,500",18,1.6,5.4,11,Low,1,19th percentile,Low
CPT,Camden Property Trust,Real Estate,REIT—Residential,"1,650",16,4.5,7.3,4.1,Low,1,13th percentile,Low
CRL,Charles River Laboratories,Healthcare,Diagnostics & Research,"20,000",,,,,,,,
CRM,Salesforce Inc,Technology,Software—Application,"79,390",13,2.3,4.5,6.4,Moderate,2,7th percentile,Low
CSCO,Cisco Systems Inc,Technology,Communication Equipment,,12,0,6.4,5.6,Moderate,2,5th percentile,Low
CSGP,Costar Group Inc,Real Estate,Real Estate Services,"5,653",27,5.4,8.4,13.1,Low,1,53rd percentile,Medium
CSX,Csx Corp,Industrials,Railroads,"22,700",20,7.4,3.4,9.2,Significant,3,26th percentile,Medium
CTAS,Cintas Corp,Industrials,Specialty Business Services,"44,500",18,3,6,9,Moderate,2,20th percentile,Negligible
CTLT,Catalent Inc,Healthcare,Drug Manufacturers—Specialty & Generic,"19,000",,,,,,,,
CTRA,Coterra Energy Inc,Energy,Oil & Gas E&P,981,46,24.1,8.8,13.1,Moderate,2,96th percentile,Severe
CTSH,Cognizant Tech Solutions A,Technology,Information Technology Services,"345,600",14,1.1,5.6,7.6,Moderate,2,9th percentile,Low
CTVA,Corteva Inc,Basic Materials,Agricultural Inputs,"21,000",,,,,,,,
CVS,Cvs Health Corp,Healthcare,Healthcare Plans,"219,000",23,0,6.4,16.4,Significant,3,36th percentile,Medium
CVX,Chevron Corp,Energy,Oil & Gas Integrated,"43,846",38,18.6,10.3,8.7,Significant,3,85th percentile,High
CZR,Caesars Entertainment Inc,Consumer Cyclical,Resorts & Casinos,"49,000",,,,,,,,
D,Dominion Energy Inc,Utilities,Utilities—Regulated Electric,"17,200",25,11.1,5.7,8.6,Moderate,2,45th percentile,Medium
DAL,Delta Air Lines Inc,Industrials,Airlines,"95,000",26,10,5,11,Moderate,2,49th percentile,
DD,Dupont De Nemours Inc,Basic Materials,Specialty Chemicals,"23,000",29,13.4,7.4,8.1,Significant,3,59th percentile,Medium
DE,Deere & Co,Industrials,Farm & Heavy Construction Machinery,"82,200",17,3.2,6.6,6.9,Moderate,2,15th percentile,Low
DFS,Discover Financial Services,Financial Services,Credit Services,"20,200",23,0,11,12,Moderate,2,34th percentile,
DG,Dollar General Corp,Consumer Defensive,Discount Stores,"170,000",17,3.3,5.5,8.6,Moderate,2,17th percentile,Low
DGX,Quest Diagnostics Inc,Healthcare,Diagnostics & Research,"40,000",21,0.1,8.2,12.7,Significant,3,29th percentile,Medium
DHI,Dr Horton Inc,Consumer Cyclical,Residential Construction,"13,237",22,9.4,5.7,6.7,Moderate,2,32nd percentile,Medium
DHR,Danaher Corp,Healthcare,Diagnostics & Research,"79,000",12,1.4,5.2,5.2,Moderate,2,4th percentile,Low
DIS,Walt Disney Co,Communication Services,Entertainment,"171,600",15,0.1,6.9,7.9,Moderate,2,10th percentile,Low
DLR,Digital Realty Trust Inc,Real Estate,REIT—Specialty,"3,412",13,2.8,7,2.8,,0,6th percentile,Low
DLTR,Dollar Tree Inc,Consumer Defensive,Discount Stores,"65,025",15,3.4,4.1,7.4,Moderate,2,10th percentile,Low
DOV,Dover Corp,Industrials,Specialty Industrial Machinery,"25,000",25,7.1,5.8,12.4,Low,1,46th percentile,Medium
DOW,Dow Inc,Basic Materials,Chemicals,"37,800",,,,,,,,
DPZ,Domino S Pizza Inc,Consumer Cyclical,Restaurants,"6,500",31,7.7,6.6,16.7,Moderate,2,69th percentile,High
DRI,Darden Restaurants Inc,Consumer Cyclical,Restaurants,"187,384",28,8.4,4.6,15,Moderate,2,57th percentile,Medium
DTE,Dte Energy Company,Utilities,Utilities—Regulated Electric,"10,102",30,15,5,10,Moderate,2,66th percentile,Severe
DUK,Duke Energy Corp,Utilities,Utilities—Regulated Electric,"27,859",28,14.5,4.6,8.6,Moderate,2,54th percentile,Medium
DVA,Davita Inc,Healthcare,Medical Care Facilities,"70,000",23,0,8,14,Moderate,2,35th percentile,
DVN,Devon Energy Corp,Energy,Oil & Gas E&P,"1,800",37,20.7,7.8,8.1,Moderate,2,85th percentile,High
DXC,Dxc Technology Co,Technology,Information Technology Services,"130,000",16,1,5,10,Moderate,2,13th percentile,Negligible
DXCM,Dexcom Inc,Healthcare,Medical Devices,"7,500",24,5,8,10,,0,40th percentile,
EA,Electronic Arts Inc,Communication Services,Electronic Gaming & Multimedia,"13,400",10,0.1,4.7,5.5,Moderate,2,3rd percentile,Low
EBAY,Ebay Inc,Consumer Cyclical,Internet Retail,"11,600",17,1,7,9,Moderate,2,16th percentile,Negligible
ECL,Ecolab Inc,Basic Materials,Specialty Chemicals,"47,000",24,9,6,8,Moderate,2,40th percentile,
ED,Consolidated Edison Inc,Utilities,Utilities—Regulated Electric,"14,319",23,7.5,6.3,9.3,Significant,3,37th percentile,Medium
EFX,Equifax Inc,Industrials,Consulting Services,"14,000",26,0,7,19,High,4,48th percentile,
EG,Everest Group Ltd,Financial Services,Insurance—Reinsurance,"2,428",,,,,,,,
EIX,Edison International,Utilities,Utilities—Regulated Electric,"13,388",27,11,6,11,Significant,3,53rd percentile,
EL,Estee Lauder Companies Cl A,Consumer Defensive,Household & Personal Products,"44,020",26,6.9,7.7,11.3,Moderate,2,48th percentile,Medium
ELV,Elevance Health Inc,Healthcare,Healthcare Plans,"102,300",11,0,5.7,5.8,Moderate,2,4th percentile,Low
EMN,Eastman Chemical Co,Basic Materials,Specialty Chemicals,"14,500",25,12,7,5,Moderate,2,43rd percentile,
EMR,Emerson Electric Co,Industrials,Specialty Industrial Machinery,"85,500",29,10.1,7,12.3,Moderate,2,61st percentile,Medium
ENPH,Enphase Energy Inc,Technology,Solar,"2,821",,,,,,,,
EOG,Eog Resources Inc,Energy,Oil & Gas E&P,"2,850",36,20.4,7.7,8.1,Low,1,82nd percentile,High
EPAM,Epam Systems Inc,Technology,Information Technology Services,"59,300",,,,,,,,
EQIX,Equinix Inc,Real Estate,REIT—Specialty,"12,621",12,2.6,5.7,3.5,Low,1,4th percentile,Low
EQR,Equity Residential,Real Estate,REIT—Residential,"2,400",11,3,5,3,Low,1,4th percentile,Negligible
EQT,Eqt Corp,Energy,Oil & Gas E&P,744,37,19,7.5,10.1,Low,1,85th percentile,High
ES,Eversource Energy,Utilities,Utilities—Regulated Electric,"10,000",19,5,6,8,Moderate,2,21st percentile,Negligible
ESS,Essex Property Trust Inc,Real Estate,REIT—Residential,"1,770",12,3.5,6.1,2.7,Low,1,5th percentile,Low
ETN,Eaton Corp Plc,Industrials,Specialty Industrial Machinery,"92,000",18,5.4,5.7,6.8,Low,1,18th percentile,Low
ETR,Entergy Corp,Utilities,Utilities—Regulated Electric,"12,000",30,16.3,6.4,6.8,Moderate,2,64th percentile,Medium
ETSY,Etsy Inc,Consumer Cyclical,Internet Retail,"2,790",,,,,,,,
EVRG,Evergy Inc,Utilities,Utilities—Regulated Electric,"4,512",,,,,,,,
EW,Edwards Lifesciences Corp,Healthcare,Medical Devices,"17,300",19,2.9,7.6,8.9,Moderate,2,24th percentile,Low
EXC,Exelon Corp,Utilities,Utilities—Regulated Electric,"19,063",24,8.8,6.6,9,Significant,3,42nd percentile,Medium
EXPD,Expeditors Intl Wash Inc,Industrials,Integrated Freight & Logistics,"19,900",16,3.8,4.6,7.3,Moderate,2,12th percentile,Low
EXPE,Expedia Group Inc,Consumer Cyclical,Travel Services,"16,500",26,2.1,9.8,13.8,Moderate,2,48th percentile,Medium
EXR,Extra Space Storage Inc,Real Estate,REIT—Industrial,"4,781",14,4,6,4,Low,1,8th percentile,Negligible
F,Ford Motor Co,Consumer Cyclical,Auto Manufacturers,"173,000",30,9.3,9.4,11.3,Significant,3,63rd percentile,Medium
FANG,Diamondback Energy Inc,Energy,Oil & Gas E&P,972,,,,,,,,
FAST,Fastenal Co,Industrials,Industrial Distribution,"20,631",26,10.7,7.1,8.7,Moderate,2,51st percentile,Medium
FCX,Freeport Mcmoran Inc,Basic Materials,Copper,"25,600",32,16.6,5.2,10.1,High,4,72nd percentile,High
FDS,Factset Research Systems Inc,Financial Services,Financial Data & Stock Exchanges,"12,072",20,2.9,6.6,10.9,Low,1,27th percentile,Medium
FDX,Fedex Corp,Industrials,Integrated Freight & Logistics,"328,000",20,5.3,5.8,9.3,Moderate,2,27th percentile,Medium
FE,Firstenergy Corp,Utilities,Utilities—Regulated Electric,"12,335",30,13,6.8,9.7,Significant,3,63rd percentile,Medium
FFIV,F5 Inc,Technology,Software—Infrastructure,"4,097",19,1,5,12,Low,1,23rd percentile,Negligible
FI,Fiserv Inc,Technology,Information Technology Services,"41,000",,,,,,,,
FICO,Fair Isaac Corp,Technology,Software—Application,"3,437",,,,,,,,
FIS,Fidelity National Info Serv,Technology,Information Technology Services,"69,000",18,1.3,5.7,11.1,Low,1,19th percentile,Low
FITB,Fifth Third Bancorp,Financial Services,Banks—Regional,"19,225",17,1.4,7.4,8.7,Moderate,2,17th percentile,Low
FLT,Fleetcor Technologies Inc,Technology,Software—Infrastructure,"9,900",18,2.9,6.2,9.1,Moderate,2,20th percentile,Low
FMC,Fmc Corp,Basic Materials,Agricultural Inputs,"6,600",33,16,7,9,Moderate,2,74th percentile,Severe
FOX,Fox Corp Class B,Communication Services,Entertainment,"10,400",,,,,,,,
FOXA,Fox Corp Class A,Communication Services,Entertainment,"10,400",,,,,,,,
FRT,Federal Realty Invs Trust,Real Estate,REIT—Retail,314,12,2,6,4,Low,1,4th percentile,Negligible
FSLR,First Solar Inc,Technology,Solar,"5,500",,,,,,,,
FTNT,Fortinet Inc,Technology,Software—Infrastructure,"13,677",19,1.2,5.7,12.2,Low,1,23rd percentile,Low
FTRE,Fortrea Holdings Inc,Healthcare,Biotechnology,"19,000",,,,,,,,
FTV,Fortive Corp,Technology,Scientific & Technical Instruments,"18,000",35,16,5,14,Low,1,80th percentile,Severe
GD,General Dynamics Corp,Industrials,Aerospace & Defense,"106,500",35,8.5,6.9,19.5,Significant,3,78th percentile,High
GE,General Electric Co,Industrials,Specialty Industrial Machinery,"172,000",41,14.1,11.6,15,Significant,3,90th percentile,Severe
GEHC,Ge Healthcare Technology,Healthcare,Health Information Services,"50,000",,,,,,,,
GEN,Gen Digital Inc,Technology,Software—Infrastructure,"3,700",15,0.7,4.8,9.5,Moderate,2,10th percentile,Low
GILD,Gilead Sciences Inc,Healthcare,Drug Manufacturers—General,"17,000",22,0,8,14,Moderate,2,33rd percentile,Medium
GIS,General Mills Inc,Consumer Defensive,Packaged Foods,"34,000",22,8,4,9,Moderate,2,31st percentile,
GL,Globe Life Inc,Financial Services,Insurance—Life,"3,543",20,2,11,8,Low,1,27th percentile,
GLW,Corning Inc,Technology,Electronic Components,"57,500",19,7,7,5,Moderate,2,24th percentile,Negligible
GM,General Motors Co,Consumer Cyclical,Auto Manufacturers,"167,000",31,10.3,7.7,12.9,High,4,66th percentile,High
GNRC,Generac Holdings Inc,Industrials,Specialty Industrial Machinery,"9,160",,,,,,,,
GOOG,Alphabet Inc Cl C,Communication Services,Internet Content & Information,"181,798",,,,,,,,
GOOGL,Alphabet Inc Cl A,Communication Services,Internet Content & Information,"181,798",24,1.7,11.4,11.1,High,4,41st percentile,Medium
GPC,Genuine Parts Co,Consumer Cyclical,Specialty Retail,"58,000",13,4,4,5,Moderate,2,6th percentile,Negligible
GPN,Global Payments Inc,Industrials,Specialty Business Services,"25,000",19,1.3,6.8,11,Low,1,23rd percentile,Low
GRMN,Garmin Ltd,Technology,Scientific & Technical Instruments,"19,700",19,5.4,5.3,7.9,Moderate,2,21st percentile,Low
GS,Goldman Sachs Group Inc,Financial Services,Capital Markets,"44,600",26,1.3,12.2,12.7,Significant,3,49th percentile,Medium
GWW,Ww Grainger Inc,Industrials,Industrial Distribution,"23,000",15,3.4,5.7,5.5,Low,1,9th percentile,Low
HAL,Halliburton Co,Energy,Oil & Gas Equipment & Services,"47,000",24,8.9,6.3,8.6,Moderate,2,39th percentile,Medium
HAS,Hasbro Inc,Consumer Cyclical,Leisure,"6,490",7,0,4,3,Moderate,2,1st percentile,
HBAN,Huntington Bancshares Inc,Financial Services,Banks—Regional,"20,198",20,2,7.6,10.8,Moderate,2,27th percentile,Medium
HCA,Hca Healthcare Inc,Healthcare,Medical Care Facilities,"207,000",28,3.5,7.4,17.3,Moderate,2,57th percentile,Medium
HD,Home Depot Inc,Consumer Cyclical,Home Improvement Retail,"470,000",13,3.4,3.6,5.5,Moderate,2,5th percentile,Low
HES,Hess Corp,Energy,Oil & Gas E&P,"1,623",36,22,7,7,Moderate,2,83rd percentile,Severe
HIG,Hartford Financial Svcs Grp,Financial Services,Insurance—Diversified,"18,800",16,2,9,6,Low,1,13th percentile,Negligible
HII,Huntington Ingalls Industrie,Industrials,Aerospace & Defense,"43,000",,,,,,,,
HLT,Hilton Worldwide Holdings In,Consumer Cyclical,Lodging,"159,000",17,7,4,7,Moderate,2,17th percentile,Negligible
HOLX,Hologic Inc,Healthcare,Medical Instruments & Supplies,"6,944",28,4.8,10.2,13.3,Low,1,58th percentile,Medium
HON,Honeywell International Inc,Industrials,Conglomerates,"97,000",29,10.6,8.5,10.2,Significant,3,61st percentile,Medium
HPE,Hewlett Packard Enterprise,Technology,Communication Equipment,"60,200",12,1,6,5,Moderate,2,4th percentile,Negligible
HPQ,Hp Inc,Technology,Computer Hardware,"58,000",11,0,6,5,Moderate,2,3rd percentile,Negligible
HRL,Hormel Foods Corp,Consumer Defensive,Packaged Foods,"20,000",30,13.2,6,10.7,Significant,3,65th percentile,Medium
HSIC,Henry Schein Inc,Healthcare,Medical Distribution,"23,000",13,2,6,6,Moderate,2,7th percentile,Negligible
HST,Host Hotels & Resorts Inc,Real Estate,REIT—Hotel & Motel,165,14,3,5,6,Low,1,8th percentile,Negligible
HSY,Hershey Co,Consumer Defensive,Confectioners,"18,075",27,11.3,5.2,10.9,Significant,3,55th percentile,Medium
HUM,Humana Inc,Healthcare,Healthcare Plans,"67,100",22,0,5.9,16.4,Moderate,2,34th percentile,Medium
HWM,Howmet Aerospace Inc,Industrials,Aerospace & Defense,"21,400",,,,,,,,
IBM,Intl Business Machines Corp,Technology,Information Technology Services,"288,300",15,0.5,7.6,6.7,Moderate,2,10th percentile,Low
ICE,Intercontinental Exchange In,Financial Services,Financial Data & Stock Exchanges,"9,116",16,1.7,6.7,8,Moderate,2,14th percentile,Low
IDXX,Idexx Laboratories Inc,Healthcare,Diagnostics & Research,"11,000",19,3,9,7,Low,1,24th percentile,Negligible
IEX,Idex Corp,Industrials,Specialty Industrial Machinery,"8,868",27,8.1,5.7,13,,0,52nd percentile,Medium
IFF,Intl Flavors & Fragrances,Basic Materials,Specialty Chemicals,"24,600",22,10.4,6.5,5.4,Moderate,2,34th percentile,Medium
ILMN,Illumina Inc,Healthcare,Diagnostics & Research,"11,500",11,1,6,4,Significant,3,3rd percentile,Negligible
INCY,Incyte Corp,Healthcare,Biotechnology,"2,324",24,1.5,7.1,15.6,Low,1,41st percentile,Medium
INTC,Intel Corp,Technology,Semiconductors,"131,900",17,4.4,7,5.9,Significant,3,16th percentile,Low
INTU,Intuit Inc,Technology,Software—Application,"17,300",16,1,4.7,10.5,Moderate,2,13th percentile,Low
INVH,Invitation Homes Inc,Real Estate,REIT—Residential,"1,511",,,,,,,,
IP,International Paper Co,Consumer Cyclical,Packaging & Containers,"39,000",24,14.3,4.9,4.5,Significant,3,40th percentile,Medium
IPG,Interpublic Group of Cos Inc,Communication Services,Advertising Agencies,"57,800",10,0,5.3,5.1,Low,1,3rd percentile,Low
IQV,Iqvia Holdings Inc,Healthcare,Diagnostics & Research,"87,000",19,1.3,7.2,10.6,Moderate,2,23rd percentile,Low
IR,Ingersoll Rand Inc,Industrials,Specialty Industrial Machinery,"17,000",,,,,,,,
IRM,Iron Mountain Inc,Real Estate,REIT—Specialty,"26,000",15,5,6,3.7,Moderate,2,10th percentile,Low
ISRG,Intuitive Surgical Inc,Healthcare,Medical Instruments & Supplies,"12,120",24,4.4,9.6,9.8,Low,1,39th percentile,Medium
IT,Gartner Inc,Technology,Information Technology Services,"20,104",22,0,6,15,Low,1,32nd percentile,
ITW,Illinois Tool Works,Industrials,Specialty Industrial Machinery,"46,000",20,4.3,6.2,9.1,Moderate,2,24th percentile,Low
IVZ,Invesco Ltd,Financial Services,Asset Management,"8,621",20,1,10,10,Moderate,2,27th percentile,
J,Jacobs Solutions Inc,Industrials,Engineering & Construction,"60,000",22,5.3,5.6,11.5,Significant,3,34th percentile,Medium
JBHT,Hunt (Jb) Transprt Svcs Inc,Industrials,Integrated Freight & Logistics,"37,151",14,3,4.9,6,Low,1,8th percentile,Low
JCI,Johnson Controls Internation,Industrials,Building Products & Equipment,"100,000",15,4.9,5.3,4.6,Significant,3,10th percentile,Low
JKHY,Jack Henry & Associates Inc,Technology,Information Technology Services,,15,0.8,5.2,9.4,,0,11th percentile,Low
JNJ,Johnson & Johnson,Healthcare,Drug Manufacturers—General,"152,700",25,0.7,8.6,15.8,High,4,44th percentile,Medium
JNPR,Juniper Networks Inc,Technology,Communication Equipment,"10,901",17,2,6,9,Low,1,15th percentile,Negligible
JPM,Jpmorgan Chase & Co,Financial Services,Banks—Diversified,"300,066",29,1.1,11.7,16.2,Significant,3,60th percentile,Medium
K,Kellogg Co,Consumer Defensive,Packaged Foods,"30,000",27,7.4,4.6,14.9,Moderate,2,51st percentile,Medium
KDP,Keurig Dr Pepper Inc,Consumer Defensive,Beverages—Non-Alcoholic,"28,000",,,,,,,,
KEY,Keycorp,Financial Services,Banks—Regional,"17,987",23,2,10,11,Low,1,37th percentile,
KEYS,Keysight Technologies In,Technology,Scientific & Technical Instruments,"15,000",9,2,5,2,Low,1,2nd percentile,
KHC,Kraft Heinz Co,Consumer Defensive,Packaged Foods,"37,000",35,14,7,14,Significant,3,80th percentile,Severe
KIM,Kimco Realty Corp,Real Estate,REIT—Retail,639,12,3.7,5.5,2.9,,0,5th percentile,Low
KLAC,Kla Corp,Technology,Semiconductor Equipment & Materials,"15,000",17,7.1,4.9,4.8,,0,15th percentile,Low
KMB,Kimberly Clark Corp,Consumer Defensive,Household & Personal Products,"44,000",22,8,6,8,Moderate,2,32nd percentile,
KMI,Kinder Morgan Inc,Energy,Oil & Gas Midstream,"10,525",19,7.8,3.5,7.3,Moderate,2,21st percentile,Low
KMX,Carmax Inc,Consumer Cyclical,Auto & Truck Dealerships,"30,000",12,0.1,4,8,Moderate,2,5th percentile,Low
KO,Coca Cola Co,Consumer Defensive,Beverages—Non-Alcoholic,"82,500",23,7.9,4.9,9.7,Significant,3,34th percentile,Medium
KR,Kroger Co,Consumer Defensive,Grocery Stores,"500,000",21,6.5,5.5,9.4,Significant,3,30th percentile,Medium
L,Loews Corp,Financial Services,Insurance—Property & Casualty,"12,050",16,0.6,11.6,4.3,Moderate,2,14th percentile,Low
LDOS,Leidos Holdings Inc,Technology,Information Technology Services,"45,000",12,1.3,5.4,5,Moderate,2,4th percentile,Low
LEN,Lennar Corp A,Consumer Cyclical,Residential Construction,"12,012",23,8.9,5.5,8.8,Moderate,2,37th percentile,Medium
LH,Laboratory Crp of Amer Hldgs,Healthcare,Diagnostics & Research,"60,000",19,0.1,7.1,11.6,Moderate,2,22nd percentile,Low
LHX,L3harris Technologies Inc,Industrials,Aerospace & Defense,"46,000",,,,,,,,
LIN,Linde Plc,Basic Materials,Specialty Chemicals,"66,270",,,,,,,,
LKQ,Lkq Corp,Consumer Cyclical,Auto Parts,"45,000",11,3.3,3.3,4,Moderate,2,3rd percentile,Low
LLY,Eli Lilly & Co,Healthcare,Drug Manufacturers—General,"39,000",32,3.4,11.6,17.4,Moderate,2,71st percentile,High
LMT,Lockheed Martin Corp,Industrials,Aerospace & Defense,"116,000",28,5.3,7.2,15.9,Significant,3,57th percentile,Medium
LNC,Lincoln National Corp,Financial Services,Insurance—Life,"11,316",18,2,10,6,Moderate,2,19th percentile,Negligible
LNT,Alliant Energy Corp,Utilities,Utilities—Regulated Electric,"3,129",22,10,6.2,5.7,Low,1,32nd percentile,Medium
LOW,Lowe S Cos Inc,Consumer Cyclical,Home Improvement Retail,"300,000",11,3.7,3.2,4.6,Moderate,2,4th percentile,Low
LRCX,Lam Research Corp,Technology,Semiconductor Equipment & Materials,"17,200",13,4.5,5,4,Low,1,7th percentile,Low
LUV,Southwest Airlines Co,Industrials,Airlines,"71,299",32,11.3,6.2,14.9,Moderate,2,71st percentile,High
LVS,Las Vegas Sands Corp,Consumer Cyclical,Resorts & Casinos,"35,500",18,1.3,8.6,7.8,Moderate,2,18th percentile,Low
LW,Lamb Weston Holdings Inc,Consumer Defensive,Packaged Foods,"10,200",,,,,,,,
LYB,Lyondellbasell Indu Cl A,Basic Materials,Specialty Chemicals,"19,300",25,17,6,2,Moderate,2,42nd percentile,
LYV,Live Nation Entertainment In,Communication Services,Entertainment,"12,800",,,,,,,,
MA,Mastercard Inc A,Financial Services,Credit Services,"29,900",17,0.3,8.6,8.1,High,4,16th percentile,Low
MAA,Mid America Apartment Comm,Real Estate,REIT—Residential,"2,387",15,5.5,5.4,3.7,Low,1,9th percentile,Low
MAR,Marriott International Cl A,Consumer Cyclical,Lodging,"377,000",22,8.8,4.1,9.1,Significant,3,32nd percentile,Medium
MAS,Masco Corp,Industrials,Building Products & Equipment,"19,000",22,9.4,7.2,5.8,Low,1,34th percentile,Medium
MCD,Mcdonald S Corp,Consumer Cyclical,Restaurants,"100,000",25,4.2,6.3,14.3,Significant,3,43rd percentile,Medium
MCHP,Microchip Technology Inc,Technology,Semiconductors,"22,600",31,15,7,9,Low,1,69th percentile,Severe
MCK,Mckesson Corp,Healthcare,Medical Distribution,"45,000",15,2.3,5.5,7.4,Significant,3,11th percentile,Low
MCO,Moody S Corp,Financial Services,Financial Data & Stock Exchanges,"14,635",11,0,5.3,5.2,Moderate,2,3rd percentile,Low
MDLZ,Mondelez International Inc A,Consumer Defensive,Confectioners,"91,000",24,9.5,5.2,9.1,Significant,3,39th percentile,Medium
MDT,Medtronic Plc,Healthcare,Medical Devices,"95,000",23,2.4,7.6,12.6,Significant,3,35th percentile,Medium
MET,Metlife Inc,Financial Services,Insurance—Life,"45,000",15,0.7,9.4,4.8,Moderate,2,10th percentile,Low
META,Meta Platforms Inc Class A,Communication Services,Internet Content & Information,"71,469",33,1,10.5,21,High,4,72nd percentile,High
MGM,Mgm Resorts International,Consumer Cyclical,Resorts & Casinos,"57,000",25,2,10.5,13,Moderate,2,47th percentile,Medium
MHK,Mohawk Industries Inc,Consumer Cyclical,"Furnishings, Fixtures & Appliances","40,900",14,6,4,4,Moderate,2,9th percentile,Negligible
MKC,Mccormick & Co Non Vtg Shrs,Consumer Defensive,Packaged Foods,"14,200",27,10.1,5.2,11.3,Moderate,2,52nd percentile,Medium
MKTX,Marketaxess Holdings Inc,Financial Services,Capital Markets,744,,,,,,,,
MLM,Martin Marietta Materials,Basic Materials,Building Materials,"9,400",32,19,9,5,Moderate,2,71st percentile,Severe
MMC,Marsh & Mclennan Cos,Financial Services,Insurance Brokers,"85,000",19,0.1,11.5,7.9,Moderate,2,24th percentile,Low
MMM,3m Co W/d,Industrials,Conglomerates,"92,000",34,12.3,7.7,13.6,Significant,3,75th percentile,High
MNST,Monster Beverage Corp,Consumer Defensive,Beverages—Non-Alcoholic,"4,607",28,12,5,11,Moderate,2,56th percentile,
MO,Altria Group Inc,Consumer Defensive,Tobacco,"6,300",24,4.7,6.3,13,Moderate,2,40th percentile,Medium
MOH,Molina Healthcare Inc,Healthcare,Healthcare Plans,"15,000",,,,,,,,
MOS,Mosaic Co,Basic Materials,Agricultural Inputs,"13,570",34,14.4,8.7,11.1,Moderate,2,78th percentile,High
MPC,Marathon Petroleum Corp,Energy,Oil & Gas Refining & Marketing,"17,800",29,15.9,5.8,7,Significant,3,58th percentile,Medium
MPWR,Monolithic Power Systems Inc,Technology,Semiconductors,"3,247",,,,,,,,
MRK,Merck & Co. Inc.,Healthcare,Drug Manufacturers—General,"67,000",22,0.8,9.6,11.5,Significant,3,32nd percentile,Medium
MRNA,Moderna Inc,Healthcare,Biotechnology,"3,900",,,,,,,,
MRO,Marathon Oil Corp,Energy,Oil & Gas E&P,"1,570",42,23.9,8,10.1,Moderate,2,92nd percentile,Severe
MS,Morgan Stanley,Financial Services,Capital Markets,"82,000",22,0.7,9.7,11.8,Significant,3,33rd percentile,Medium
MSCI,Msci Inc,Financial Services,Financial Data & Stock Exchanges,"4,980",16,2,8,7,,0,13th percentile,Negligible
MSFT,Microsoft Corp,Technology,Software—Infrastructure,"221,000",15,1.5,5.3,8.4,Significant,3,11th percentile,Low
MSI,Motorola Solutions Inc,Technology,Communication Equipment,"20,000",14,2.2,5.4,6.7,Significant,3,9th percentile,Low
MTB,M & T Bank Corp,Financial Services,Banks—Regional,"22,946",26,2,11,13,Low,1,49th percentile,
MTCH,Match Group Inc,Communication Services,Internet Content & Information,"2,700",,,,,,,,
MTD,Mettler Toledo International,Healthcare,Diagnostics & Research,"16,400",13,1,5,7,,0,7th percentile,Negligible
MU,Micron Technology Inc,Technology,Semiconductors,"48,000",17,6.6,5.8,5.1,Moderate,2,17th percentile,Low
NCLH,Norwegian Cruise Line Holdin,Consumer Cyclical,Travel Services,"38,900",26,12,4,10,Moderate,2,50th percentile,
NDAQ,Nasdaq Inc,Financial Services,Financial Data & Stock Exchanges,"6,565",12,1.8,5.3,4.6,Low,1,4th percentile,Low
NDSN,Nordson Corp,Industrials,Specialty Industrial Machinery,"7,331",27,9.3,5.6,11.8,Low,1,52nd percentile,Medium
NEE,Nextera Energy Inc,Utilities,Utilities—Regulated Electric,"15,300",28,14.1,5.8,7.6,Moderate,2,54th percentile,Medium
NEM,Newmont Corp,Basic Materials,Gold,"14,600",20,6.9,5.2,8.2,Significant,3,27th percentile,Medium
NFLX,Netflix Inc,Communication Services,Entertainment,"12,800",16,0.1,9.3,6.8,Moderate,2,13th percentile,Low
NI,Nisource Inc,Utilities,Utilities—Regulated Gas,"7,117",30,14,5,10,Significant,3,63rd percentile,
NKE,Nike Inc Cl B,Consumer Cyclical,Footwear & Accessories,"83,700",17,3,6.9,7,Significant,3,15th percentile,Low
NOC,Northrop Grumman Corp,Industrials,Aerospace & Defense,"95,000",27,7.5,5.1,14.9,Moderate,2,53rd percentile,Medium
NOW,Servicenow Inc,Technology,Software—Application,"20,433",16,1.4,6.3,8.4,Low,1,13th percentile,Low
NRG,Nrg Energy Inc,Utilities,Utilities—Independent Power Producers,"6,603",32,17,6,9,Moderate,2,72nd percentile,Severe
NSC,Norfolk Southern Corp,Industrials,Railroads,"19,300",23,8.1,3.3,11.4,Moderate,2,35th percentile,Medium
NTAP,Netapp Inc,Technology,Computer Hardware,"12,000",15,2.6,6,6.9,Low,1,12th percentile,Low
NTRS,Northern Trust Corp,Financial Services,Asset Management,"23,600",24,1.9,10.2,11.8,Moderate,2,40th percentile,Medium
NUE,Nucor Corp,Basic Materials,Steel,"31,400",32,10,9,13,Moderate,2,72nd percentile,Severe
NVDA,Nvidia Corp,Technology,Semiconductors,"26,196",13,2.3,6,5.2,Moderate,2,7th percentile,Low
NVR,Nvr Inc,Consumer Cyclical,Residential Construction,"6,550",20,7.2,5.3,7.8,Low,1,27th percentile,Medium
NWL,Newell Brands Inc,Consumer Defensive,Household & Personal Products,"28,000",14,6,3,4,Moderate,2,8th percentile,Negligible
NWS,News Corp Class B,Communication Services,Entertainment,"25,000",,,,,,,,
NWSA,News Corp Class A,Communication Services,Entertainment,"25,000",12,0,7,5,Moderate,2,4th percentile,Negligible
NXPI,Nxp Semiconductors Nv,Technology,Semiconductors,"34,500",22,8.7,5.6,7.4,Low,1,31st percentile,Medium
O,Realty Income Corp,Real Estate,REIT—Retail,391,15,4.4,5.7,5.3,Moderate,2,12th percentile,Low
ODFL,Old Dominion Freight Line,Industrials,Trucking,"22,717",,,,,,,,
OGN,Organon & Co,Healthcare,Drug Manufacturers—General,"10,000",,,,,,,,
OKE,Oneok Inc,Energy,Oil & Gas Midstream,"2,966",26,12,3,11,Low,1,50th percentile,
OMC,Omnicom Group,Communication Services,Advertising Agencies,"74,200",16,0.1,6.9,9.3,Low,1,14th percentile,Low
ON,On Semiconductor,Technology,Semiconductors,"31,000",27,15,5,6,Low,1,52nd percentile,
ORCL,Oracle Corp,Technology,Software—Infrastructure,"164,000",14,0.5,5.7,7.7,Moderate,2,8th percentile,Low
ORLY,O Reilly Automotive Inc,Consumer Cyclical,Specialty Retail,"88,149",13,0.2,4,8.9,Low,1,6th percentile,Low
OTIS,Otis Worldwide Corp,Industrials,Specialty Industrial Machinery,"69,000",,,,,,,,
OXY,Occidental Petroleum Corp,Energy,Oil & Gas E&P,"11,973",43,25,7,12,Moderate,2,93rd percentile,
PANW,Palo Alto Networks Inc,Technology,Software—Infrastructure,,14,0.7,5.6,7.6,Low,1,8th percentile,Low
PARA,Paramount Global Class B,Communication Services,Entertainment,"24,500",,,,,,,,
PAYC,Paycom Software Inc,Technology,Software—Application,"6,349",,,,,,,,
PAYX,Paychex Inc,Industrials,Staffing & Employment Services,"16,600",17,1.2,6.5,9.8,,0,17th percentile,Low
PCAR,Paccar Inc,Industrials,Farm & Heavy Construction Machinery,"31,100",28,8,8,11,Significant,3,56th percentile,
PCG,P G & E Corp,Utilities,Utilities—Regulated Electric,"26,010",35,8,6,21,Severe,5,79th percentile,Severe
PEAK,Healthpeak Properties Inc,Real Estate,REIT—Healthcare Facilities,199,10,3,4,2,,0,2nd percentile,
PEG,Public Service Enterprise Gp,Utilities,Utilities—Regulated Electric,"12,525",26,12,5,9,Moderate,2,51st percentile,
PEP,Pepsico Inc,Consumer Defensive,Beverages—Non-Alcoholic,"315,000",16,4.9,4.5,6.6,Significant,3,13th percentile,Low
PFE,Pfizer Inc,Healthcare,Drug Manufacturers—General,"83,000",25,2.8,9.7,12.9,Significant,3,45th percentile,Medium
PFG,Principal Financial Group,Financial Services,Asset Management,"19,300",17,0.7,9.9,6.7,Low,1,17th percentile,Low
PG,Procter & Gamble Co,Consumer Defensive,Household & Personal Products,"107,000",27,9.5,7.5,9.6,Significant,3,50th percentile,Medium
PGR,Progressive Corp,Financial Services,Insurance—Property & Casualty,"55,100",21,1.7,10.9,8.4,Low,1,29th percentile,Medium
PH,Parker Hannifin Corp,Industrials,Specialty Industrial Machinery,,29,9.2,6.2,13.7,Moderate,2,62nd percentile,Medium
PHM,Pultegroup Inc,Consumer Cyclical,Residential Construction,"6,524",21,8.7,4.9,7.3,Moderate,2,29th percentile,Medium
PKG,Packaging Corp of America,Consumer Cyclical,Packaging & Containers,"15,100",17,11.6,3.8,1.4,Low,1,15th percentile,Low
PLD,Prologis Inc,Real Estate,REIT—Industrial,"2,466",9,2.5,4.3,1.7,Low,1,2nd percentile,Negligible
PM,Philip Morris International,Consumer Defensive,Tobacco,"79,800",24,3.6,9.5,10.7,Significant,3,39th percentile,Medium
PNC,Pnc Financial Services Group,Financial Services,Banks—Regional,"58,231",22,1.7,8.9,11.8,Significant,3,33rd percentile,Medium
PNR,Pentair Plc,Industrials,Specialty Industrial Machinery,"11,250",23,7,6,10,Low,1,36th percentile,
PNW,Pinnacle West Capital,Utilities,Utilities—Regulated Electric,"5,861",31,15,6,10,Low,1,69th percentile,Severe
PODD,Insulet Corp,Healthcare,Medical Devices,"2,600",,,,,,,,
POOL,Pool Corp,Industrials,Industrial Distribution,"6,000",,,,,,,,
PPG,Ppg Industries Inc,Basic Materials,Specialty Chemicals,"52,000",24,9.3,7.3,7.7,Low,1,42nd percentile,Medium
PPL,Ppl Corp,Utilities,Utilities—Regulated Electric,"6,527",34,19.7,5.8,8.3,Moderate,2,75th percentile,High
PRU,Prudential Financial Inc,Financial Services,Insurance—Life,"39,583",16,1,8.6,6.6,Low,1,13th percentile,Low
PSA,Public Storage,Real Estate,REIT—Industrial,"5,900",12,5,5,3,Low,1,5th percentile,Negligible
PSX,Phillips 66,Energy,Oil & Gas Refining & Marketing,"13,000",29,16.4,6,7,Significant,3,61st percentile,Medium
PTC,Ptc Inc,Technology,Software—Application,"7,165",19,4.9,5.4,8.6,,0,22nd percentile,Low
PWR,Quanta Services Inc,Industrials,Engineering & Construction,"47,300",37,12,9,16,Moderate,2,86th percentile,Severe
PXD,Pioneer Natural Resources Co,Energy,Oil & Gas E&P,"2,076",37,18.7,9.1,9,Low,1,83rd percentile,High
PYPL,Paypal Holdings Inc,Financial Services,Credit Services,"29,900",16,0.7,5.4,9.9,Moderate,2,13th percentile,Low
QCOM,Qualcomm Inc,Technology,Semiconductors,"51,000",17,4.8,7.7,4.1,High,4,14th percentile,Low
QRVO,Qorvo Inc,Technology,Semiconductors,"8,500",29,13,7,8,,0,61st percentile,
RCL,Royal Caribbean Cruises Ltd,Consumer Cyclical,Travel Services,"102,400",21,9,4,8,Significant,3,29th percentile,
REG,Regency Centers Corp,Real Estate,REIT—Retail,440,11,4,4,3,,0,3rd percentile,Negligible
REGN,Regeneron Pharmaceuticals,Healthcare,Biotechnology,"12,256",18,0.4,7,10.8,Moderate,2,19th percentile,Low
RF,Regions Financial Corp,Financial Services,Banks—Regional,"20,349",16,1.6,7.4,7,Moderate,2,13th percentile,Low
RHI,Robert Half Inc,Industrials,Staffing & Employment Services,"16,300",11,0,3,7,Low,1,3rd percentile,Negligible
RJF,Raymond James Financial Inc,Financial Services,Capital Markets,"17,000",24,1.2,12.4,10.4,Moderate,2,41st percentile,Medium
RL,Ralph Lauren Corp,Consumer Cyclical,Apparel Manufacturing,"14,900",13,1,5,7,Moderate,2,7th percentile,Negligible
RMD,Resmed Inc,Healthcare,Medical Instruments & Supplies,"10,140",26,3,11,12,Low,1,51st percentile,
ROK,Rockwell Automation Inc,Industrials,Specialty Industrial Machinery,"26,000",18,5.4,5.7,6.6,Moderate,2,18th percentile,Low
ROL,Rollins Inc,Consumer Cyclical,Personal Services,"17,515",20,2,7,11,Low,1,27th percentile,
ROP,Roper Technologies Inc,Technology,Software—Application,"15,800",23,4.6,5.6,12.7,,0,36th percentile,Medium
ROST,Ross Stores Inc,Consumer Cyclical,Apparel Retail,"101,000",16,1.8,5.7,8.4,Moderate,2,13th percentile,Low
RSG,Republic Services Inc,Industrials,Waste Management,"40,000",21,11.3,3.7,6,Significant,3,29th percentile,Medium
RTX,Rtx Corp,Industrials,Aerospace & Defense,"182,000",,,,,,,,
RVTY,Revvity Inc,Healthcare,Diagnostics & Research,"11,000",,,,,,,,
SBAC,Sba Communications Corp,Real Estate,REIT—Specialty,"1,834",12,3,5,3,,0,4th percentile,Negligible
SBUX,Starbucks Corp,Consumer Cyclical,Restaurants,"402,000",25,6.1,4.2,14.5,Significant,3,43rd percentile,Medium
SCHW,Schwab (Charles) Corp,Financial Services,Capital Markets,"36,600",24,2.1,11.8,10.1,Moderate,2,40th percentile,Medium
SEDG,Solaredge Technologies Inc,Technology,Solar,"4,926",,,,,,,,
SEE,Sealed Air Corp,Consumer Cyclical,Packaging & Containers,"16,300",21,16,3,2,Moderate,2,28th percentile,
SHW,Sherwin Williams Co,Basic Materials,Specialty Chemicals,"64,366",29,12.9,6.7,9,Moderate,2,58th percentile,Medium
SJM,Jm Smucker Co,Consumer Defensive,Packaged Foods,"5,800",31,12.4,6.2,12.4,Moderate,2,69th percentile,High
SLB,Schlumberger Ltd,Energy,Oil & Gas Equipment & Services,"99,000",22,7.4,5.8,8.8,Low,1,32nd percentile,Medium
SNA,Snap on Inc,Industrials,Tools & Accessories,"12,900",31,9.3,7.6,13.9,Low,1,68th percentile,High
SNPS,Synopsys Inc,Technology,Software—Infrastructure,"19,000",13,3.2,4.1,6.2,,0,7th percentile,Low
SO,Southern Co,Utilities,Utilities—Regulated Electric,"27,423",33,14.8,7.3,11,Moderate,2,73rd percentile,High
SPG,Simon Property Group Inc,Real Estate,REIT—Retail,"2,500",14,3.8,6.4,4,Low,1,9th percentile,Low
SPGI,S&p Global Inc,Financial Services,Financial Data & Stock Exchanges,"39,660",14,0,8.1,6.2,Low,1,9th percentile,Low
SRE,Sempra,Utilities,Utilities—Diversified,"15,785",25,12,6,7,Significant,3,43rd percentile,
STE,Steris Plc,Healthcare,Medical Devices,"17,000",,,,,,,,
STLD,Steel Dynamics Inc,Basic Materials,Steel,"12,060",32,9.8,8.2,14.4,Low,1,73rd percentile,High
STT,State Street Corp,Financial Services,Asset Management,"42,688",22,2,9,11,Moderate,2,33rd percentile,
STX,Seagate Technology Holdings,Technology,Computer Hardware,"33,400",11,1.6,5.3,3.8,Low,1,2nd percentile,Low
STZ,Constellation Brands Inc A,Consumer Defensive,Beverages—Wineries & Distilleries,"10,700",26,10,5,10,Moderate,2,47th percentile,
SWK,Stanley Black & Decker Inc,Industrials,Tools & Accessories,"50,000",26,5.8,7.6,12.5,Moderate,2,49th percentile,Medium
SWKS,Skyworks Solutions Inc,Technology,Semiconductors,"11,150",28,11.6,7.2,8.9,Low,1,56th percentile,Medium
SYF,Synchrony Financial,Financial Services,Credit Services,"18,500",17,0.1,7.2,9.9,Moderate,2,16th percentile,Low
SYK,Stryker Corp,Healthcare,Medical Devices,"51,000",29,3.7,10.8,14,Significant,3,57th percentile,Medium
SYY,Sysco Corp,Consumer Defensive,Food Distribution,"72,000",12,2.8,4.6,4.7,Moderate,2,5th percentile,Low
T,At&t Inc,Communication Services,Telecom Services,"160,700",22,2.3,6.7,13.1,Significant,3,32nd percentile,Medium
TAP,Molson Coors Beverage Co B,Consumer Defensive,Beverages—Brewers,"16,600",21,7,5.6,8.7,Moderate,2,30th percentile,Medium
TDG,Transdigm Group Inc,Industrials,Aerospace & Defense,"14,400",39,13,8,18,Moderate,2,89th percentile,Severe
TDY,Teledyne Technologies Inc,Technology,Scientific & Technical Instruments,"14,700",,,,,,,,
TECH,Bio Techne Corp,Healthcare,Biotechnology,"3,200",,,,,,,,
TEL,Te Connectivity Ltd,Technology,Electronic Components,"92,000",16,6,5,5,,0,13th percentile,Negligible
TER,Teradyne Inc,Technology,Semiconductor Equipment & Materials,"6,500",16,6.3,4.6,4.9,,0,12th percentile,Low
TFC,Truist Financial Corp,Financial Services,Banks—Regional,"52,848",,,,,,,,
TFX,Teleflex Inc,Healthcare,Medical Instruments & Supplies,"15,500",30,5,9,16,Moderate,2,64th percentile,
TGT,Target Corp,Consumer Defensive,Discount Stores,"440,000",15,2,5.1,7.6,Significant,3,10th percentile,Low
TJX,Tjx Companies Inc,Consumer Cyclical,Apparel Retail,"329,000",14,1.9,5.1,7.4,Moderate,2,9th percentile,Low
TMO,Thermo Fisher Scientific Inc,Healthcare,Diagnostics & Research,"130,000",14,1.5,6.5,5.6,Significant,3,7th percentile,Low
TMUS,T Mobile Us Inc,Communication Services,Telecom Services,"71,000",26,5,7.7,13.4,Significant,3,48th percentile,Medium
TPR,Tapestry Inc,Consumer Cyclical,Luxury Goods,"12,600",13,1,5,7,Moderate,2,7th percentile,Negligible
TRGP,Targa Resources Corp,Energy,Oil & Gas Midstream,"2,850",34,15.3,4.1,14.5,Moderate,2,78th percentile,High
TRMB,Trimble Inc,Technology,Scientific & Technical Instruments,"11,825",13,3.2,6.1,3.7,,0,6th percentile,Low
TROW,T Rowe Price Group Inc,Financial Services,Asset Management,"7,903",17,2,5,9,Low,1,16th percentile,Negligible
TRV,Travelers Cos Inc,Financial Services,Insurance—Property & Casualty,"31,850",21,1,10.1,9.4,Low,1,27th percentile,Medium
TSCO,Tractor Supply Company,Consumer Cyclical,Specialty Retail,"52,000",14,3,4,7,Moderate,2,8th percentile,Negligible
TSLA,Tesla Inc,Consumer Cyclical,Auto Manufacturers,"127,855",29,2.8,9.6,16.2,Significant,3,58th percentile,Medium
TSN,Tyson Foods Inc Cl A,Consumer Defensive,Farm Products,"142,000",37,14.3,10,12.4,High,4,85th percentile,High
TT,Trane Technologies Plc,Industrials,Building Products & Equipment,"39,000",16,7.1,5.2,3.8,Moderate,2,13th percentile,Low
TTWO,Take Two Interactive Softwre,Communication Services,Electronic Gaming & Multimedia,"11,580",,,,,,,,
TXN,Texas Instruments Inc,Technology,Semiconductors,"33,000",20,8.8,6,5.1,Moderate,2,25th percentile,Low
TXT,Textron Inc,Industrials,Aerospace & Defense,"34,000",34,11.1,6.5,16.2,Moderate,2,77th percentile,High
TYL,Tyler Technologies Inc,Technology,Software—Application,"7,247",,,,,,,,
UAL,United Airlines Holdings Inc,Industrials,Airlines,"99,800",29,10.9,5,12.9,Moderate,2,60th percentile,Medium
UDR,Udr Inc,Real Estate,REIT—Residential,"1,317",12,3.2,5.2,4,Low,1,5th percentile,Low
UHS,Universal Health Services B,Healthcare,Medical Care Facilities,"93,800",33,4,9,21,Significant,3,75th percentile,Severe
ULTA,Ulta Beauty Inc,Consumer Cyclical,Specialty Retail,"18,500",15,4,4,7,Moderate,2,11th percentile,Negligible
UNH,Unitedhealth Group Inc,Healthcare,Healthcare Plans,"400,000",18,0,5.9,11.6,Significant,3,17th percentile,Low
UNP,Union Pacific Corp,Industrials,Railroads,"31,766",25,9.4,3.7,12.1,Moderate,2,45th percentile,Medium
UPS,United Parcel Service Cl B,Industrials,Integrated Freight & Logistics,"300,160",20,4.6,5.4,9.6,Moderate,2,24th percentile,Low
URI,United Rentals Inc,Industrials,Rental & Leasing Services,"24,600",18,5.9,6,6.6,Low,1,21st percentile,Low
USB,Us Bancorp,Financial Services,Banks—Regional,"77,000",30,1.7,12.5,15.9,Significant,3,64th percentile,High
V,Visa Inc Class a Shares,Financial Services,Credit Services,"26,500",16,0.7,7.5,7.8,Significant,3,13th percentile,Low
VFC,Vf Corp,Consumer Cyclical,Apparel Manufacturing,"19,800",13,1,5,7,Moderate,2,6th percentile,Negligible
VICI,Vici Properties Inc,Real Estate,REIT—Diversified,23,,,,,,,,
VLO,Valero Energy Corp,Energy,Oil & Gas Refining & Marketing,"9,716",30,18.2,4.7,7.2,Moderate,2,64th percentile,High
VMC,Vulcan Materials Co,Basic Materials,Building Materials,"11,974",29,15.6,8.9,4.6,Moderate,2,61st percentile,Medium
VRSK,Verisk Analytics Inc,Industrials,Consulting Services,"7,000",19,0.1,5.7,13.5,Low,1,24th percentile,Low
VRSN,Verisign Inc,Technology,Software—Infrastructure,914,21,4.7,5.9,10.8,Low,1,31st percentile,Medium
VRTX,Vertex Pharmaceuticals Inc,Healthcare,Biotechnology,"4,800",23,0.8,6.7,15.4,Moderate,2,36th percentile,Medium
VTR,Ventas Inc,Real Estate,REIT—Healthcare Facilities,451,13,2.8,5.7,4.3,,0,6th percentile,Low
VTRS,Viatris Inc,Healthcare,Drug Manufacturers—Specialty & Generic,"38,000",,,,,,,,
VZ,Verizon Communications Inc,Communication Services,Telecom Services,"117,100",18,3.9,5.7,8.9,Significant,3,20th percentile,Low
WAB,Wabtec Corp,Industrials,Railroads,"27,000",23,4.5,7,11.7,Low,1,38th percentile,Medium
WAT,Waters Corp,Healthcare,Diagnostics & Research,"8,200",17,1.4,6.2,9.4,,0,16th percentile,Low
WBA,Walgreens Boots Alliance Inc,Healthcare,Pharmaceutical Retailers,"325,000",18,2,4.7,11.5,Significant,3,20th percentile,Low
WBD,Warner Bros Discovery Inc,Communication Services,Entertainment,"37,500",,,,,,,,
WDC,Western Digital Corp,Technology,Computer Hardware,,11,1.5,6.1,3.9,Low,1,4th percentile,Low
WEC,Wec Energy Group Inc,Utilities,Utilities—Regulated Electric,"7,000",27,15,5,7,Low,1,55th percentile,
WELL,Welltower Inc,Real Estate,REIT—Healthcare Facilities,514,12,4,5,3,Low,1,5th percentile,Negligible
WFC,Wells Fargo & Co,Financial Services,Banks—Diversified,"233,834",33,1.9,15.5,15.4,Severe,5,73rd percentile,High
WHR,Whirlpool Corp,Consumer Cyclical,"Furnishings, Fixtures & Appliances","61,000",16,5,4,7,Moderate,2,12th percentile,Negligible
WM,Waste Management Inc,Industrials,Waste Management,"49,500",17,8.2,3.3,5.2,Moderate,2,15th percentile,Low
WMB,Williams Cos Inc,Energy,Oil & Gas Midstream,"5,043",24,10,3,10,Moderate,2,39th percentile,
WMT,Walmart Inc,Consumer Defensive,Discount Stores,"2,100,000",25,4.4,6.3,13.9,High,4,43rd percentile,Medium
WRB,Wr Berkley Corp,Financial Services,Insurance—Property & Casualty,"8,186",22,2,12,7.9,Low,1,33rd percentile,Medium
WRK,Westrock Co,Consumer Cyclical,Packaging & Containers,"50,500",,,,,,,,
WST,West Pharmaceutical Services,Healthcare,Medical Instruments & Supplies,"10,700",,,,,,,,
WTW,Willis Towers Watson Plc,Financial Services,Insurance Brokers,"46,000",19,0.1,9.8,8.7,Moderate,2,21st percentile,Low
WY,Weyerhaeuser Co,Real Estate,REIT—Specialty,"9,264",18,10,4,3,Moderate,2,17th percentile,Negligible
WYNN,Wynn Resorts Ltd,Consumer Cyclical,Resorts & Casinos,"27,000",26,4,11,12,Significant,3,51st percentile,
XEL,Xcel Energy Inc,Utilities,Utilities—Regulated Electric,"11,982",24,12.9,4.2,6.8,Moderate,2,40th percentile,Medium
XRAY,Dentsply Sirona Inc,Healthcare,Medical Instruments & Supplies,"15,000",16,2,7,7,Low,1,12th percentile,Negligible
XYL,Xylem Inc,Industrials,Specialty Industrial Machinery,"22,000",16,4,5,7,Low,1,13th percentile,Negligible
YUM,Yum Brands Inc,Consumer Cyclical,Restaurants,"36,000",21,4.5,4.4,11.6,Moderate,2,27th percentile,Medium
ZBH,Zimmer Biomet Holdings Inc,Healthcare,Medical Devices,"18,000",27,4,8,15,Moderate,2,54th percentile,
ZBRA,Zebra Technologies Corp Cl A,Technology,Communication Equipment,"10,500",,,,,,,,
ZION,Zions Bancorp Na,Financial Services,Banks—Regional,"10,103",,,,,,,,
ZTS,Zoetis Inc,Healthcare,Drug Manufacturers—Specialty & Generic,"13,800",18,1.4,8.9,8.1,Low,1,20th percentile,Low
